,yr,DmagHa,DmagCont
0,2013.2739726027398,0.003108703856372902,0.001471142580612297
1,2014.2657534246575,0.0015276673527252018,0.0013132290764607001
3,2015.3671232876711,0.002713737437341908,0.00138097906372574
4,2015.3698630136987,0.001906679815327594,0.001798176353726249
5,2015.3753424657534,0.0016533180379752963,0.0018246650705516785
7,2018.317808219178,0.0023544855137766193,0.0012811369772298914
