Epoch,Line Counts,Cont Counts,Scale,Exposure (sec),Line Ghost Counts,Cont Ghost Counts,"Line BKA (scaled to input psf, so this is already in ""ghost"" units)",Line BKA err,Companion Cont Alpha,Cont Alpha err
56393,282080,326788,0.9,2.27,52,54.5,58.24984743,5.312586896,,
56755,568561,506462,1.2,2.27,62,50,43.9982083,11.7318015,,
56755,17970035,16698308.83,1.2,45,2100,1700,,,,
57157,488362,429062,1.2,2.27,56,46.5,64.6101263,8.243336699,,
57158,1027017,928712.6886,1.2,2.27,110,90,39.17503742,12.76866756,,
57160,16683996,10138744.09,1.8,30,2300,1950,47.51687346,6.45908588,,
57794,761541,645727,1.2,12,90,62,,,,
58235,969732.9,809660.964,1.3,5,200,150,49.94158229,13.01278629,,
