Epoch,Line Counts,Cont Counts,Scale,Total int (min),Exposure (sec),Line Ghost Counts,Line BKA,Line BKA err,Companion Cont Alpha,Cont Alpha err
56393,282080,326788,0.9,74.19116667,2.27,1554.5,58.24984743,5.312586896,,
56755,568561,506462,1.2,51,45,2995,43.9982083,11.7318015,,
56755,17970035,16698308.83,1.2,66.511,2.27,101012,,,,
57157,488362,429062,1.2,90.30816667,2.27,2628,64.6101263,8.243336699,,
57158,1027017,928712.6886,1.2,43.2435,2.27,5773,39.17503742,12.76866756,,
57160,16683996,10138744.09,1.8,79.5,30,93783,47.51687346,6.45908588,,
57794,761541,645727,1.2,48.4,12,4161,,,,
58235,969732.9,809660.964,1.3,48.33333333,5,5451,49.94158229,13.01278629,,
