,yr,DmagHa,DmagCont
0,2013.2739726027398,0.0031694805882699927,0.0012359204742136024
1,2014.2657534246575,0.002333579890232639,0.0013023172171176328
3,2015.3671232876711,0.0016972777355405166,0.001087442718428212
4,2015.3698630136987,0.0019140547394735136,0.0011099235053957184
5,2015.3753424657534,0.0020345485486716014,0.0012468994631977335
7,2018.317808219178,0.0016364220845981206,0.00119095890027859
