Epoch,Line flux,Cont flux,Diff flux,Total int (sec),Scale,Companion Line Alpha,Line Alpha err
56393,124264.3172,143959.4714,-34160.50565,2.27,0.9,21.35480086,2.39
56755,12634.68889,11254.71111,3749.041358,45,1.2,26.89834084,6.22
56755,7916314.978,7356083.186,1816010.872,2.27,1.2,1.14E-47,0
57157,215137.4449,189014.0969,64192.07495,2.27,1.2,20.50932182,3.09
57158,452430.3965,409124.5324,142961.5646,2.27,1.2,1.83E-42,0
57160,556133.2,337958.1364,671884.3515,30,1.8,1009.231464,112.55
57794,63461.75,53810.58333,23905.98426,12,1.2,0,0
58235,201583.827,168141.4781,73759.1143,5,1.2,86.66162386,21.7
