,yr,DmagHa,DmagCont
0,2013.2739726027398,0.0032444206280497754,0.0013415278920609576
1,2014.2657534246575,0.0021644135680070216,0.0018883861052705294
3,2015.3671232876711,0.002264078279631946,0.0014356335119249375
4,2015.3698630136987,0.0016598017932831798,0.0027400419650395478
5,2015.3753424657534,0.0017304572601648449,0.00212730981792519
7,2018.317808219178,0.0018462204700290365,0.0013054540711130986
