epoch,object,sep,sep_err,pa,pa_err
56388.0,1.0,14.72427406,0.10712244289999999,222.70146905000001,0.38869575840000004
56389.0,1.0,14.54956711,0.09830274659,222.51132576999998,0.1778919934
56990.0,1.0,14.88965771,0.1423015044,225.2867249,0.05521877251
57367.0,1.0,15.15151937,0.2669702186,225.8786699,0.8361464786
57709.0,1.0,14.61738837,0.036465981210000005,226.68123709999998,0.01506187263
57788.0,1.0,14.48401121,0.052298627369999996,226.69000899999998,0.165387885
57790.0,1.0,14.45790309,0.038578287919999996,226.8776348,0.04717938721
57798.0,1.0,14.49154869,0.06177807786,226.81534359999998,0.318753773
58234.0,1.0,14.54107939,0.1263808457,228.3212491,0.05652505089
